[
  {
    "completed_at": "2026-02-19T09:27:44+05:30",
    "created_at": "2026-02-19T09:27:44+05:30",
    "group_id": "grp_1771473462",
    "request_id": "b7675cf6-4c00-48b6-8cd7-c28f33704be2",
    "source_output": [
      {
        "first_name": "DXXXT",
        "last_name": "GXXXXXXXA",
        "match_result": {
          "name": "did_not_match",
          "review_required": true
        },
        "middle_name": "RXXXXXXXXI",
        "pan_name": "DXXXT RXXXXXXXXI GXXXXXXXA",
        "pan_number": "CZQPG6045L",
        "status": "id_found",
        "type": "government_website"
      }
    ],
    "status": "completed",
    "task_id": "pan_verification_05e2cd189b47",
    "tat": "0.079"
  }
]
