[
  {
    "completed_at": "2026-02-19T12:00:55+05:30",
    "created_at": "2026-02-19T12:00:55+05:30",
    "group_id": "grp_1771474500",
    "request_id": "f1122gh3-6i44-48b6-ccj0-k77l88926mn5",
    "source_output": [
      {
        "gstin": "27AAPFU0939F1ZV",
        "business_name": "RELITRADE FINANCIAL SERVICES PVT LTD",
        "legal_name": "RELITRADE FINANCIAL SERVICES PRIVATE LIMITED",
        "taxpayer_type": "Regular",
        "constitution_of_business": "Private Limited Company",
        "date_of_registration": "01-07-2017",
        "gst_status": "Active",
        "last_updated": "2026-01-15",
        "principal_place": "Office 501, Sunrise Tower, BKC, Mumbai, Maharashtra - 400051",
        "state": "Maharashtra",
        "state_code": "27",
        "nature_of_business": ["Wholesale Business", "Retail Business"],
        "filing_status": {
          "last_filed": "January 2026",
          "frequency": "Monthly",
          "pending_returns": 0
        },
        "status": "id_found",
        "type": "gst_portal"
      }
    ],
    "status": "completed",
    "task_id": "gst_verification_90mn12op34qr",
    "tat": "0.312"
  }
]
