[
  {
    "completed_at": "2026-02-19T11:05:10+05:30",
    "created_at": "2026-02-19T11:05:10+05:30",
    "group_id": "grp_1771474100",
    "request_id": "c9876de5-4f11-48b6-aab9-e50g55926fe4",
    "source_output": [
      {
        "dl_number": "MH0120190012345",
        "name": "RAHUL KUMAR SHARMA",
        "dob": "15-08-1990",
        "date_of_issue": "20-03-2019",
        "nt_validity": "19-03-2039",
        "t_validity": "19-03-2025",
        "vehicle_classes": ["LMV", "MCWG"],
        "address": "12, MG Road, Bandra West, Mumbai - 400050",
        "issuing_authority": "RTO Mumbai West",
        "state": "Maharashtra",
        "blood_group": "B+",
        "status": "id_found",
        "ola_name": "RAHUL KUMAR SHARMA",
        "match_result": {
          "name": "exact_match",
          "dob": "exact_match",
          "review_required": false
        },
        "type": "sarathi"
      }
    ],
    "status": "completed",
    "task_id": "dl_verification_34gh56ij78kl",
    "tat": "0.201"
  }
]
